{"structConfig":[{"structureName":"Heart","eud":0.29999999999999999,"ntcpA":0.10000000000000001},{"structureName":"Lung_Rt","eud":0.29999999999999999,"ntcpA":0.10000000000000001}]}